{
  "model": "Qwen/Qwen2.5-0.5B-Instruct",
  "best_layer": "model.layers.23",
  "hidden_size": 896,
  "n_layers": 24,
  "n_positive_samples": 10,
  "n_negative_samples": 10,
  "direction_norm": 15.937180519104004,
  "layer_norms": {
    "model.layers.0": 0.21869142353534698,
    "model.layers.1": 0.40654706954956055,
    "model.layers.2": 0.5056063532829285,
    "model.layers.3": 0.752834677696228,
    "model.layers.4": 1.5826239585876465,
    "model.layers.5": 1.8029377460479736,
    "model.layers.6": 1.8845748901367188,
    "model.layers.7": 2.4300448894500732,
    "model.layers.8": 2.7228856086730957,
    "model.layers.9": 2.9624664783477783,
    "model.layers.10": 3.8511881828308105,
    "model.layers.11": 3.3455328941345215,
    "model.layers.12": 3.873685836791992,
    "model.layers.13": 4.281967639923096,
    "model.layers.14": 4.597437381744385,
    "model.layers.15": 4.545815467834473,
    "model.layers.16": 5.053383827209473,
    "model.layers.17": 5.511484622955322,
    "model.layers.18": 6.248622417449951,
    "model.layers.19": 7.538548946380615,
    "model.layers.20": 10.102725982666016,
    "model.layers.21": 11.703299522399902,
    "model.layers.22": 12.999836921691895,
    "model.layers.23": 15.937180519104004
  }
}